	train	valid	test	synth500w.phi_cleaned	train_relative	valid_relative	test_relative	synth500w.phi_cleaned_relative
Name	184	16	5	3	0.7863247863247863	0.7272727272727273	0.625	1.0
Care_Institute	15	2	0	0	0.0641025641025641	0.09090909090909091	0.0	0.0
Address	17	2	1	0	0.07264957264957266	0.09090909090909091	0.125	0.0
Other	2	0	0	0	0.008547008547008548	0.0	0.0	0.0
Profession	2	0	0	0	0.008547008547008548	0.0	0.0	0.0
Date	8	0	1	0	0.03418803418803419	0.0	0.125	0.0
Organization_Company	2	0	1	0	0.008547008547008548	0.0	0.125	0.0
Age	3	1	0	0	0.01282051282051282	0.045454545454545456	0.0	0.0
Initials	1	1	0	0	0.004273504273504274	0.045454545454545456	0.0	0.0
